admin_id,mobile_number
a-1,234-647-7793
a-2,878-180-4191
a-2,631-527-0055
a-3,296-479-2886
a-4,657-819-3112
a-5,698-956-6932
a-5,120-603-7002
a-6,355-224-4865
a-7,722-478-7663
a-8,833-846-7047
a-9,574-787-6855
a-10,353-546-1732
a-10,546-566-2478
a-11,690-849-4732
a-12,970-681-6854
a-13,841-923-6560
a-14,311-649-0151
a-15,920-784-0823
a-15,530-788-3408
a-16,649-543-5668
a-17,195-622-5791
a-18,815-454-0580
a-19,179-594-0018
a-20,107-243-2907
a-21,308-180-5806
a-21,361-901-2335
a-22,156-764-6313
a-22,821-446-7686
a-23,419-246-7803
a-24,108-712-2363
a-25,398-149-9996
a-26,689-208-9188
a-27,535-673-0796
a-28,659-119-8844
a-29,986-901-3039
a-29,360-423-2156
a-30,442-330-1345
a-31,399-388-3599
a-32,379-866-5930
a-33,757-224-3725
a-34,255-711-1701
a-35,267-757-2062
a-36,356-147-8421
a-37,218-980-5908
a-37,256-745-7079
a-38,323-467-2124
a-38,898-539-6153
a-39,240-486-1469
a-40,164-779-2303
a-41,214-541-3915
a-42,241-536-0063
a-43,152-937-8928
a-44,774-551-1766
a-45,988-499-5037
a-46,201-141-7042
a-47,427-433-6368
a-48,755-242-9294
a-49,213-208-5295
a-49,997-401-9727
a-50,490-772-6000