employee_id,mobile_number
e-1,212-885-7507
e-1,682-436-1937
e-2,588-481-4482
e-3,148-924-1876
e-4,650-556-0021
e-5,353-980-4925
e-5,235-436-5451
e-6,582-782-4306
e-7,770-639-1647
e-8,783-178-8569
e-9,219-997-1154
e-9,819-790-8677
e-10,180-442-6344
e-11,281-621-3544
e-12,424-116-4151
e-12,654-764-8617
e-13,780-791-6972
e-13,478-796-2542
e-14,119-399-6645
e-14,975-550-4945
e-15,415-586-5048
e-16,217-473-5510
e-17,313-651-7275
e-18,923-232-2978
e-19,384-501-2247
e-20,431-799-1531
e-21,601-713-5866
e-21,914-665-1225
e-22,147-169-2142
e-23,580-494-1964
e-24,334-590-8876
e-25,274-482-0161
e-26,153-738-8970
e-27,840-397-2960
e-27,699-202-7512
e-28,238-710-6782
e-28,940-871-4309
e-28,545-957-5949
e-29,280-656-1394
e-30,648-727-7613
e-31,199-198-7355
e-32,887-822-8175
e-33,134-934-4873
e-34,559-796-3797
e-35,246-300-2124
e-36,695-817-5840
e-36,853-175-1783
e-37,592-430-3155
e-38,947-989-2991
e-39,505-400-7321
e-40,847-125-2642
e-41,136-771-2454
e-42,316-242-2403
e-43,806-920-0218
e-44,312-461-8036
e-44,550-317-2052
e-44,392-319-0976
e-45,212-113-0119
e-46,686-540-3897
e-47,155-796-0180
e-47,669-512-2680
e-48,280-654-4517
e-49,616-952-2641
e-50,383-887-1784